{
    "rmse": 929.8105723324078,
    "mae": 498.4408986292665,
    "r2_score": 0.9970545426490101,
    "training_rows": 16473,
    "testing_rows": 4119
}